Product Name,SKU,Inches,Cost
The illuminatti,ZKILLM003S,2x2,16
End is the beginning,ZKENDB009M,1X4,21
Lord Hanuman,ZKLHNU010S,2X3,30
All eyes on me,ZKAEOM011M,1X4,21
Odin’s Mark,ZKUNKN012S,2X2,21
Pirate Hunter,ZKPRTH013S,2X2,21
ONEPIECE,ZKONPC014S,2X3,30
Tribal Wing,ZKTRBW015M,4X4,35
Serpent Sword,ZKSRPS016L,7X3,45
Tribal Flame,ZKTRBF017L,7X3,45
Phantom Spider,ZKPHSP018L,7X3,45
Abyss Scorpion,ZKABSC019M,4X3,35
Cosmic Waves,ZKCSMW020S,3X2,30
Eternal Saiyan,ZKETSY021M,4X3,35
Veni Vidi Vici,ZKVNVV022L,1.5X6,35
Authentic,ZKAUTH023L,1X2,16
Joestar Birthmark,ZKJSTR024S,2X2,16
Snake Break,ZKSNKB025L,7X3,45
Thorn Cage Armband,ZKTRNC026XL,6.3X24,50
Apex Tribal Armband,ZKAPTB027XL,6.3X24,50
Vibe Fragments Pack,ZKVBFG028XL,11X18,55
Zkraze Shadow Pack,ZKZKSH029XL,11X18,55
Finger Charms Pack,ZKFNGC030XL,11X18,55