"Date","Transaction ID","Amount","Gateway","Order ID","Description","Status"
"28/04/2026 12:45 pm","pay_SipLsp4wYIxAeZ","₹1000.00","razorpay","order_SipJx8jXETyKm9","Wallet Recharge","success"
"14/04/2026 12:41 pm","pay_SdHmw31GralO3m","₹1000.00","razorpay","order_SdHmUCvIbi07nW","Wallet Recharge","success"
"08/04/2026 12:32 pm","CN-34381716910422","₹189.00","manual","CN-34381716910422","CN-34381716910422","success"
"06/04/2026 10:12 am","pay_Sa4y4gLQFNt6jl","₹1000.00","razorpay","order_Sa4xI6yi3wJdIC","Wallet Recharge","success"
"25/03/2026 10:31 am","pay_SVKsy4RFAILJEI","₹1000.00","razorpay","order_SVKs28We5icfGb","Wallet Recharge","success"
"25/03/2026 10:26 am","pay_SVKoB3hlbdYb7s","₹1000.00","razorpay","order_SVKnUKKf35gMiT","The network token provision request contained data that could not be verified.","failed"
"25/03/2026 10:25 am","pay_SVKnDFo6DqYtH2","₹1000.00","razorpay","order_SVKlaa2b8si0YD","The network token provision request contained data that could not be verified.","failed"
"15/03/2026 07:42 pm","pay_SRWx7BK3TEkigS","₹1000.00","razorpay","order_SRWvC8lEA3qZNC","Wallet Recharge","success"
"10/03/2026 11:11 am","pay_SPPYd4HjOn5rkg","₹500.00","razorpay","order_SPPXuTjC6USywy","Wallet Recharge","success"
"05/03/2026 02:45 pm","pay_SNUX2KJxP9rhWn","₹500.00","razorpay","order_SNUWMglnLZ5CQG","Wallet Recharge","success"
"05/03/2026 02:43 pm","589","₹500.00","razorpay","order_SNUTk71NCVRyKz","Wallet Recharge","failed"
"24/02/2026 02:32 pm","pay_SJvVWupBtHGefr","₹500.00","razorpay","order_SJvUpxu6Ro9vgt","Wallet Recharge","success"
"18/02/2026 05:03 pm","pay_SHatBfUhcJcJSO","₹500.00","razorpay","order_SHaqrNn32KnpHK","Wallet Recharge","success"
"16/02/2026 03:07 pm","pay_SGlpgWYpzwpKDa","₹500.00","razorpay","order_SGlp0PO9Ceq23v","Wallet Recharge","success"
"09/02/2026 10:58 am","pay_SDvqOSCeNi1gIa","₹500.00","razorpay","order_SDvpYK2zazZTyC","Wallet Recharge","success"
"31/01/2026 09:42 am","pay_SALkZETwAFXyji","₹500.00","razorpay","order_SALjesbatUbw8h","Wallet Recharge","success"
"26/01/2026 11:32 am","pay_S8OwqOgPGkjhDZ","₹1000.00","razorpay","order_S8OvdGmvYbymVm","Wallet Recharge","success"
"11/01/2026 11:51 am","pay_S2TFO8g5QfYzsK","₹500.00","razorpay","order_S2TEcnG2BTZgQN","Wallet Recharge","success"